field,title,doi,openalex_id,s2_matched,s2_fields,tldr,oa_pdf_url
Mathematics,Analytic and geometric background of recurrence and non-explosion of the Brownian motion on Riemannian manifolds,10.1090/s0273-0979-99-00776-4,W1698081298,True,Mathematics,,https://www.ams.org/bull/1999-36-02/S0273-0979-99-00776-4/S0273-0979-99-00776-4.pdf
Mathematics,Shrinkwrapping and the taming of hyperbolic 3-manifolds,10.1090/s0894-0347-05-00513-8,W2149889673,True,Mathematics,,https://www.ams.org/jams/2006-19-02/S0894-0347-05-00513-8/S0894-0347-05-00513-8.pdf
Mathematics,Complete Embedded Minimal Surfaces of Finite Total Curvature,10.1007/978-3-662-03484-2_2,W2078151027,True,Mathematics,,https://www.ams.org/bull/1985-12-01/S0273-0979-1985-15318-2/S0273-0979-1985-15318-2.pdf
Mathematics,The Gauss Map of a Complete Non-Flat Minimal Surface Cannot Omit 7 Points of the Sphere,10.2307/1971139,W2027593881,True,Mathematics,,
Mathematics,Minimal surfaces in pseudohermitian geometry,10.2422/2036-2145.2005.1.05,W1867725473,False,,,
Mathematics,Clifford–Fourier Transform and Spinor Representation of Images,10.1007/978-3-0348-0603-9_9,W203977387,True,Physics,This chapter proposes a spinor representation for images based on the work of T. Friedrich that generalizes the usual Weierstrass representation of minimal surfaces to arbitrary surfaces and investigates applications to image processing focusing on segmentation and Clifford–Fourier analysis.,
Engineering,On the existence of capillary free surfaces in the absence of gravity,10.2140/pjm.1980.88.323,W2026783245,True,Physics,,http://msp.org/pjm/1980/88-2/pjm-v88-n2-p05-s.pdf
Engineering,Scherk-Type Capillary Graphs,10.1007/s00021-004-0140-8,W2092645959,True,Mathematics,,http://hdl.handle.net/11858/00-001M-0000-0013-4AA6-7
Engineering,Non-continuous dependence of surfaces of least area on the boundary curve,10.2140/pjm.1977.70.11,W2005684646,True,Mathematics,,http://msp.org/pjm/1977/70-1/pjm-v70-n1-p02-s.pdf
Engineering,Bone tissue regeneration: the role of scaffold geometry,10.1039/c4bm00291a,W2120559167,True,"Medicine, Materials Science","Recent discoveries concerning the effects of geometrical features of porous scaffolds such as surface curvature, pore shape, and pore size on the cellular response and bone tissue regeneration process are reviewed and recommended for future research.",
Engineering,Additively manufactured porous metallic biomaterials,10.1039/c9tb00420c,W2943941736,True,"Medicine, Materials Science","An overview of the various aspects of design, manufacturing, and bio-functionalization of additively manufactured porous metallic biomaterials from a ""designer material"" viewpoint and discusses how rational design principles could be used to topologically design the underlying lattice structures in such a way that the desired properties are simultaneously optimized.",https://pubs.rsc.org/en/content/articlepdf/2019/tb/c9tb00420c
Engineering,An embedded genus-one helicoid,10.4007/annals.2009.169.347,W2028122516,False,,,
Physics and Astronomy,Born-Infeld particles and Dirichlet p-branes,10.1016/s0550-3213(97)00795-5,W2034409564,True,Physics,,https://arxiv.org/pdf/hep-th/9709027
Physics and Astronomy,Mathematical Physics with Differential Equations,10.1093/oso/9780192872616.001.0001,W4386139171,False,,,
Physics and Astronomy,"Region with trapped surfaces in spherical symmetry, its core, and their boundaries",10.1103/physrevd.83.044012,W2002168123,True,Physics,,https://arxiv.org/pdf/1009.0225
Physics and Astronomy,Toward giga-pixel nanoscopy on a chip: a computational wide-field look at the nano-scale without the use of lenses,10.1039/c3lc50222h,W2088920577,True,"Medicine, Computer Science, Materials Science","Developments over the last two years that have enabled computational lensfree holographic on-chip microscopy to compete with and, in some cases, surpass conventional bright-field microscopy in its ability to image nano-scale objects across large fields of view are highlighted.",https://europepmc.org/articles/pmc3813829?pdf=render
Physics and Astronomy,Giant leaps and minimal branes in multidimensional flux landscapes,10.1103/physrevd.84.023513,W2069107272,True,Physics,,https://arxiv.org/pdf/1010.5241
Physics and Astronomy,Symmetry properties and explicit solutions of the generalized Weierstrass system,10.1063/1.1337796,W2000412615,True,Mathematics,,http://www.crm.umontreal.ca/pub/Rapports/2600-2699/2673.pdf
Computer Science,Elliptic Partial Differential Equations of Second Order,10.1007/978-1-4899-1875-8_5,W138643006,True,Physics,,
Computer Science,Minimal surfaces based object segmentation,10.1109/34.588023,W2151783599,True,Computer Science,"A geometric approach for 3D object segmentation and representation is presented that links between classical deformable surfaces obtained via energy minimization, and intrinsic ones derived from curvature based flows.",
Computer Science,The maximum principle at infinity for minimal surfaces in flat three manifolds,10.1007/bf02566606,W2074313127,True,Mathematics,,
Computer Science,Minimal surfaces: a geometric three dimensional segmentation approach,10.1007/s002110050294,W2004710792,True,Mathematics,"A novel geometric approach for three dimensional object segmentation based on geometric deformable surfaces moving towards the objects to be detected is presented, which is stable, robust, and automatically handles changes in the surface topology during the deformation.",http://www.cs.technion.ac.il/%7Eron/PAPERS/CasKimSapSbe_NUMA1997.pdf
Computer Science,Embedded minimal disks: Proper versus nonproper—global versus local,10.1090/s0002-9947-03-03230-6,W2166244928,True,Mathematics,,https://www.ams.org/tran/2004-356-01/S0002-9947-03-03230-6/S0002-9947-03-03230-6.pdf
Computer Science,Liouville-Type Theorems for Elliptic Problems,10.1016/s1874-5733(07)80005-2,W2906809727,True,Mathematics,,
Materials Science,Polymer Structures with the Topology of Triply Periodic Minimal Surfaces,10.1134/s1087659617060177,W2789770516,True,Materials Science,,
Materials Science,The Topological Background of Schwarzite Physics,10.1007/978-94-007-0221-9_12,W168724759,True,Physics,,
Materials Science,"Capillary models for liquid crystal fibers, membranes, films, and drops",10.1039/b704248p,W2011393615,True,"Materials Science, Medicine","The capillary models are used to analyze the structure and stability of films, membranes, fibers, and drops, of direct relevance to the processing and performance of structural and functional liquid crystals.",
Materials Science,Heart wall myofibers are arranged in minimal surfaces to optimize organ function,10.1073/pnas.1120785109,W2169776346,True,"Medicine, Physics",The generalized helicoid provides a unique foundation for analyzing the fibrous composite of the heart wall and should therefore find applications in heart tissue engineering and in the study of heart muscle diseases.,https://www.pnas.org/content/pnas/109/24/9248.full.pdf
Materials Science,Bicontinuous Cubic Morphologies in Block Copolymers and Amphiphile/Water Systems:  Mathematical Description through the Minimal Surfaces,10.1021/ma9614353,W2044735577,True,Chemistry,,
Materials Science,The Laplace equation of capillarity,10.1016/s1383-7303(98)80018-5,W1598887706,True,Physics,The chapter provides a generalization of the classical Young–Laplace equation that is completely second-order in the principal curvatures and also provides numerical examples of the influence of first-order bending energy effects upon the shape of axisymmetric pendant or sessile drops.,
Social Sciences,C 10(3): The Ten Parameter Conformal Group as a Datum Transformation in Three-Dimensional Euclidean Space,10.1007/978-3-642-36494-5_24,W36637537,True,Mathematics,,
Social Sciences,“Sphere to Cylinder”: Transverse Aspect,10.1007/978-3-642-36494-5_11,W80732947,True,Mathematics,,
Social Sciences,“Sphere to Cylinder”: Pseudo-Cylindrical Projections,10.1007/978-3-642-36494-5_13,W2203603201,True,Mathematics,,
Social Sciences,“Sphere to Cylinder”: Oblique Aspect,10.1007/978-3-642-36494-5_12,W2215812709,True,Mathematics,,
Social Sciences,“Sphere to Cylinder”: Polar Aspect,10.1007/978-3-642-36494-5_10,W2219401023,True,Mathematics,,
Earth and Planetary Sciences,The contact angle in capillarity,10.1063/1.2185655,W2027915740,True,Physics,,
Earth and Planetary Sciences,On the Uniqueness of Vortex Equations and Its Geometric Applications,10.1007/s12220-018-9981-x,W2963173568,True,,,https://pure.au.dk/ws/files/120023129/on_the_uniqueness_of_vortex_equations_and_its_geometric_applications.pdf
Earth and Planetary Sciences,The shapes of first-stage sinters,10.1063/1.342674,W2065862916,True,Physics,,https://pubs.aip.org/aip/jap/article-pdf/65/8/3219/8007550/3219_1_online.pdf
Earth and Planetary Sciences,Optimal Map Projections by Variational Calculus: Harmonic Maps,10.1007/978-3-642-36494-5_22,W28451638,True,Mathematics,,
Earth and Planetary Sciences,Equivariant Deformations of Horospherical Surfaces,10.7936/k7dr2skf,W1529287174,True,Mathematics,,
Earth and Planetary Sciences,Shapes of completely wetted two-dimensional powder compacts for applications to sintering,10.1063/1.350973,W2094658998,True,Physics,,
Arts and Humanities,A Laboratory for Geometric Performance 1,10.1016/s0040-8166(97)80046-8,W9467931,True,"Biology, Medicine","While the apices of olfactory receptor and supporting cells and of ciliated respiratory cells underwent major morphological maturation during the developmental period from embryonic day 16 to day 21, the apical structures of the nasal hair cell only changed marginally, suggesting that it plays a special role in the development of nasal epithelia.",
Arts and Humanities,Copyright Page,10.1093/oso/9780192872616.002.0003,W4386139101,False,,,
"Biochemistry, Genetics and Molecular Biology",Gaussian curvature directs the distribution of spontaneous curvature on bilayer membrane necks,10.1039/c8sm00035b,W2612605708,False,,,
"Biochemistry, Genetics and Molecular Biology",Electrostatic colloid-membrane binding,10.1209/epl/i2004-10068-x,W2112838653,True,Physics,,https://arxiv.org/pdf/physics/0312121
"Biochemistry, Genetics and Molecular Biology",Hedgehogs and area of order 2,10.1007/bf01268931,W2032676329,True,Mathematics,,
"Biochemistry, Genetics and Molecular Biology",A new protein folding algorithm based on hydrophobic compactness: Rigid Unconnected Secondary Structure Iterative Assembly (RUSSIA). II: Applications,10.1093/protein/gzg141,W2131425046,True,"Medicine, Physics","The RUSSIA procedure (Rigid Unconnected Secondary Structure Iterative Assembly) produces structural models of cores of small- and medium-sized proteins, which appears to be robust relative to the quality of starting data (nature and length of regular secondary structures).",https://academic.oup.com/peds/article-pdf/16/12/937/4351870/gzg141.pdf
(no field),,10.1090/qam/1994-52-01,W4233857576,False,,,
(no field),Bibliography,10.1016/s1874-7051(01)80014-1,W4236522220,False,,,
(no field),Bibliography,10.1016/b978-0-12-804489-6.50025-2,W4248074405,False,,,
(no field),Bibliography,10.1016/b978-0-12-464990-3.50017-7,W4254351106,False,,,
Environmental Science,On virus growth and form,10.1016/j.physrep.2019.12.005,W2999050204,True,Physics,"The combination of discrete and continuum coarse grained mechanics, commonly used in the fundamental physical description of viruses, together with the pertinent description of generic long-range electrostatic and specific short-range interactions give insight into the details of structural order and mechanical properties of viruses and elucidates their role in nano-container and nano-machine functions.",https://www.sciencedirect.com/science/article/am/pii/S0370157320300016
Environmental Science,A estruturação do saber relacionado a geometria complexa e a modelagem paramétrica de estruturas regenerativas na arquitetura,10.11606/gtp.v14i1.148024,W2976057645,True,Computer Science,"The principles of regenerative architecture are recognized and the elements of knowledge that involve the recurrent complex geometries in nature are explained, which develops its structures in strict relation with the dynamics that are processed in the natural environment.",http://www.revistas.usp.br/gestaodeprojetos/article/download/148024/155953
Environmental Science,Libro de resúmenes del ECI 2015 de invierno,10.33017/recytperu2015.0002/,W4240373209,True,,,https://doi.org/10.33017/recytperu2015.0002/
Chemistry,Triply periodic minimal surfaces decorated with curved graphite,10.1016/0009-2614(93)85009-d,W2002021482,True,Materials Science,,
Chemistry,Polymerization in the cubic phase and studies of phase behavior in two nonionic surfactant-water-acrylamide systems,10.1016/0021-9797(92)90091-y,W2006894956,True,Materials Science,,
Chemistry,Differential geometric theory of capillarity,10.1016/0927-7757(96)03591-1,W2009242770,True,Materials Science,,
Health Professions,XROMM and diceCT reveal a hydraulic mechanism of tongue base retraction in swallowing,10.1038/s41598-020-64935-z,W3026088860,True,,"A novel hydraulic mechanism of TBR is suggested: shortening and rotation of suprahyoid muscles compresses the tongue between the hard palate, hyoid and mouth floor, squeezing the midline tongue base and food bolus back into the oropharynx.",https://www.nature.com/articles/s41598-020-64935-z.pdf
Health Professions,Soap Films: The Amusement of Children and Mathematicians,10.1007/978-1-4612-2424-2_6,W2493896240,True,Philosophy,,
Medicine,Towards a classification of CMC-1 Trinoids in hyperbolic space via conjugate surfaces,10.48550/arxiv.math/0310397,W1607196095,False,,,
Medicine,Faculty Opinions recommendation of Heart wall myofibers are arranged in minimal surfaces to optimize organ function.,10.3410/f.717953919.793459618,W4205537050,False,,,
"Economics, Econometrics and Finance",Brownian motion and the parabolicity of minimal graphs,10.48550/arxiv.0810.0669,W1612200372,False,,,
Social Sciences,Tittel på avhandlingen Undertittel på avhandlingen,,W2184041237,,,,
Arts and Humanities,"Falaco Solitons, Cosmological strings in swimming pool. Update of arXiv/gr-qc/0101098",,W2153388310,,,,
Arts and Humanities,"Falaco Solitons, Cosmological strings in swimming pool.",,W2097063601,,,,
Arts and Humanities,EMBEDDED MINIMAL SURFACES OF FINITE TOPOLOGY AND ONE END,,W2135956548,,,,
